{"properties":{"connectionReferences":{"shared_commondataserviceforapps":{"runtimeSource":"embedded","connection":{},"api":{"name":"shared_commondataserviceforapps"}}},"definition":{"$schema":"https://schema.management.azure.com/providers/Microsoft.Logic/schemas/2016-06-01/workflowdefinition.json#","contentVersion":"1.0.0.0","parameters":{"$connections":{"defaultValue":{},"type":"Object"},"$authentication":{"defaultValue":{},"type":"SecureObject"}},"triggers":{"manual":{"type":"Request","kind":"Button","inputs":{"schema":{"type":"object","properties":{},"required":[]}}}},"actions":{"InputData":{"runAfter":{},"type":"InitializeVariable","inputs":{"variables":[{"name":"InputData","type":"object","value":{"departments":[{"id":"28e6b171-8617-41c6-bf8c-2b6a696096e2","name":"Human Resources"},{"id":"14bf77c8-7c9c-4443-92b5-e2249ea9f37c","name":"Marketing"},{"id":"6b8db50f-3ad6-4f5e-8d9b-d6061e9c060d","name":"Maintenance"},{"id":"fbcdad15-03f4-43f0-b720-b9f7be03a847","name":"Security"}],"buildings":[{"id":"20324386-3435-4045-ba7a-45982a07144e","name":"Northwind Traders Tower"},{"id":"c39102ce-fa48-464d-bbab-446d291245e3","name":"Alpine Ski House"},{"id":"59b874ab-0255-4784-a17b-0d4abe4166cc","name":"Fourth Coffee House"},{"id":"d27e65f5-d77d-474f-80ff-065224b9ed8b","name":"Fabrikam Residences"},{"id":"27c52b32-af85-460c-aa09-e86e5819c8c9","name":"Contoso Suites"}],"reports":[{"id":"e73981ac-604b-46dd-bd88-e2ef9d89654e","title":"Water in walkway","details":"Big puddle","location":"Left side of hall near door","department":"6b8db50f-3ad6-4f5e-8d9b-d6061e9c060d"},{"id":"ec6d16ae-ba45-466a-b882-e0020edc9012","title":"Unknown car in my parking spot","details":"Ferrari is parked in my spot\nThis spot was allocated to me on a permanent basis\nAll other parking bays are taken","location":"Building garage A, floor 3, bay A3-17","department":"fbcdad15-03f4-43f0-b720-b9f7be03a847"},{"id":"60d80502-26bc-4e9c-a991-7327fbe732a5","title":"Leaking toilet","details":"really broken, water is gushing out","location":"floor 4, unisex toilet, 3rd stall from right","department":"6b8db50f-3ad6-4f5e-8d9b-d6061e9c060d"}]}}]}},"EachBuilding":{"foreach":"@variables('InputData').buildings","actions":{"Upsert_Building":{"runAfter":{},"type":"OpenApiConnection","inputs":{"host":{"connectionName":"shared_commondataserviceforapps","operationId":"UpdateRecord","apiId":"/providers/Microsoft.PowerApps/apis/shared_commondataserviceforapps"},"parameters":{"entityName":"lh_buildings","recordId":"@item().id","item/lh_name":"@item().name"},"authentication":{"type":"Raw","value":"@json(decodeBase64(triggerOutputs().headers['X-MS-APIM-Tokens']))['$ConnectionKey']"}}}},"runAfter":{"EachDepartment":["Succeeded"]},"type":"Foreach"},"EachDepartment":{"foreach":"@variables('InputData').departments","actions":{"Upsert_Department":{"runAfter":{},"type":"OpenApiConnection","inputs":{"host":{"connectionName":"shared_commondataserviceforapps","operationId":"UpdateRecord","apiId":"/providers/Microsoft.PowerApps/apis/shared_commondataserviceforapps"},"parameters":{"entityName":"lh_departments","recordId":"@item().id","item/lh_name":"@item().name"},"authentication":{"type":"Raw","value":"@json(decodeBase64(triggerOutputs().headers['X-MS-APIM-Tokens']))['$ConnectionKey']"}}}},"runAfter":{"InputData":["Succeeded"]},"type":"Foreach"},"EachReport":{"foreach":"@variables('InputData').reports","actions":{"Create_Report":{"runAfter":{"ExistingReport":["Failed"]},"type":"OpenApiConnection","inputs":{"host":{"connectionName":"shared_commondataserviceforapps","operationId":"CreateRecord","apiId":"/providers/Microsoft.PowerApps/apis/shared_commondataserviceforapps"},"parameters":{"entityName":"lh_problemreports","item/lh_details":"@item().details","item/lh_title":"@item().title","item/lh_Building@odata.bind":"lh_buildings/@{variables('InputData').buildings[rand(0, sub(length(variables('InputData').buildings),1))].id}","item/lh_Department@odata.bind":"lh_departments/@{items('EachReport')['department']}","item/lh_location":"@items('EachReport')['location']","item/lh_problemreportid":"@item().id","item/overriddencreatedon":"@outputs('CreatedOn')","item/lh_resolution":"@if(equals(outputs('StatusReason'), 881860002), outputs('Resolution'), null)","item/lh_resolvedon":"@if(equals(outputs('StatusReason'), 881860002), addDays(outputs('CreatedOn'), rand(1,5)), null)","item/statecode":0,"item/statuscode":"@outputs('StatusReason')"},"authentication":{"type":"Raw","value":"@json(decodeBase64(triggerOutputs().headers['X-MS-APIM-Tokens']))['$ConnectionKey']"}}},"StatusReason":{"runAfter":{},"type":"Compose","inputs":"@createArray(1,881860000,881860001,881860002,881860003)[rand(0,4)]"},"CreatedOn":{"runAfter":{"StatusReason":["Succeeded"]},"type":"Compose","inputs":"@getPastTime(rand(0,60), 'Day')"},"ExistingReport":{"runAfter":{"Resolution":["Succeeded"]},"type":"OpenApiConnection","inputs":{"host":{"connectionName":"shared_commondataserviceforapps","operationId":"GetItem","apiId":"/providers/Microsoft.PowerApps/apis/shared_commondataserviceforapps"},"parameters":{"entityName":"lh_problemreports","recordId":"@item().id","$select":"lh_problemreportid"},"authentication":{"type":"Raw","value":"@json(decodeBase64(triggerOutputs().headers['X-MS-APIM-Tokens']))['$ConnectionKey']"}},"description":"We have to check existing report. We can't always use update because update does not allow to overwrite created on date"},"Update_Report":{"runAfter":{"ExistingReport":["Succeeded"]},"type":"OpenApiConnection","inputs":{"host":{"connectionName":"shared_commondataserviceforapps","operationId":"UpdateRecord","apiId":"/providers/Microsoft.PowerApps/apis/shared_commondataserviceforapps"},"parameters":{"entityName":"lh_problemreports","recordId":"@item().id","item/lh_details":"@item().details","item/lh_title":"@item().title","item/lh_Building@odata.bind":"lh_buildings/@{variables('InputData').buildings[rand(0, sub(length(variables('InputData').buildings),1))].id}","item/lh_Department@odata.bind":"lh_departments/@{items('EachReport')['department']}","item/lh_location":"@items('EachReport')['location']","item/lh_resolution":"@if(equals(outputs('StatusReason'), 881860002), outputs('Resolution'), null)","item/lh_resolvedon":"@if(equals(outputs('StatusReason'), 881860002), addDays(outputs('CreatedOn'), rand(1,5)), null)","item/statecode":0,"item/statuscode":"@outputs('StatusReason')"},"authentication":{"type":"Raw","value":"@json(decodeBase64(triggerOutputs().headers['X-MS-APIM-Tokens']))['$ConnectionKey']"}}},"Resolution":{"runAfter":{"CreatedOn":["Succeeded"]},"type":"Compose","inputs":"@createArray('Resolved','Dealt with','Taken care of')[rand(0,2)]"},"Compose":{"runAfter":{"Create_Report":["Skipped","Succeeded"],"Update_Report":["Succeeded","Skipped"]},"type":"Compose","inputs":"Completed"}},"runAfter":{"EachBuilding":["Succeeded"]},"type":"Foreach"}},"outputs":{}}},"schemaVersion":"1.0.0.0"}